{"_type":"export","__export_format":4,"__export_date":"2025-01-28T18:31:03.927Z","__export_source":"insomnia.desktop.app:v2022.7.5","resources":[{"_id":"req_5d6e8f6cf0024885a6e4afc0f03a2446","parentId":"wrk_92e863e4021049178340991bd9cdc9ef","modified":1738088339788,"created":1738084634425,"url":"127.0.0.1/api/livro/search/2","name":"pesquisa avançada","description":"","method":"GET","body":{"mimeType":"application/json","text":"{\n\"pesquisa\": \"O verão que mudou minha vida\",\n\t\"tipo_pesquisa\": \"titulo\"\n}"},"parameters":[],"headers":[{"name":"Content-Type","value":"application/json"}],"authentication":{},"metaSortKey":-1738084634425,"isPrivate":false,"settingStoreCookies":true,"settingSendCookies":true,"settingDisableRenderRequestBody":false,"settingEncodeUrl":true,"settingRebuildPath":true,"settingFollowRedirects":"global","_type":"request"},{"_id":"wrk_92e863e4021049178340991bd9cdc9ef","parentId":null,"modified":1674483403822,"created":1674483403822,"name":"New Document","description":"","scope":"design","_type":"workspace"},{"_id":"req_f4c772d0454b4dffbee537f0068466ad","parentId":"wrk_92e863e4021049178340991bd9cdc9ef","modified":1738084142575,"created":1738084124378,"url":"127.0.0.1/api/livro/delete/3","name":"delete","description":"","method":"DELETE","body":{},"parameters":[],"headers":[],"authentication":{},"metaSortKey":-1738084124378,"isPrivate":false,"settingStoreCookies":true,"settingSendCookies":true,"settingDisableRenderRequestBody":false,"settingEncodeUrl":true,"settingRebuildPath":true,"settingFollowRedirects":"global","_type":"request"},{"_id":"req_8940bdd79b9b4371b057743aa1ce4146","parentId":"wrk_92e863e4021049178340991bd9cdc9ef","modified":1738084036077,"created":1738083225806,"url":"127.0.0.1/api/livro","name":"update","description":"","method":"PUT","body":{"mimeType":"application/json","text":"{\n\"id\": 1,\n\t\"titulo\": \"Minha Culpa\"\n}"},"parameters":[],"headers":[{"name":"Content-Type","value":"application/json"}],"authentication":{},"metaSortKey":-1738083225806,"isPrivate":false,"settingStoreCookies":true,"settingSendCookies":true,"settingDisableRenderRequestBody":false,"settingEncodeUrl":true,"settingRebuildPath":true,"settingFollowRedirects":"global","_type":"request"},{"_id":"req_c7fa9630fe7942b7812ef194ed5a3c1c","parentId":"wrk_92e863e4021049178340991bd9cdc9ef","modified":1738083223879,"created":1738082702520,"url":"127.0.0.1/api/livro/search","name":"search","description":"","method":"GET","body":{"mimeType":"application/json","text":"{\n\t\"titulo\": \"Minha Culpa\"\n}"},"parameters":[],"headers":[{"name":"Content-Type","value":"application/json"}],"authentication":{},"metaSortKey":-1738082702520,"isPrivate":false,"settingStoreCookies":true,"settingSendCookies":true,"settingDisableRenderRequestBody":false,"settingEncodeUrl":true,"settingRebuildPath":true,"settingFollowRedirects":"global","_type":"request"},{"_id":"req_a26045562d274bf5ac0e6197f64fd17c","parentId":"wrk_92e863e4021049178340991bd9cdc9ef","modified":1738082847846,"created":1738082212828,"url":"127.0.0.1/api/livro","name":"index","description":"","method":"GET","body":{},"parameters":[],"headers":[],"authentication":{},"metaSortKey":-1738082212828,"isPrivate":false,"settingStoreCookies":true,"settingSendCookies":true,"settingDisableRenderRequestBody":false,"settingEncodeUrl":true,"settingRebuildPath":true,"settingFollowRedirects":"global","_type":"request"},{"_id":"req_bc564302a40f4eca9b1c642155b235a9","parentId":"wrk_92e863e4021049178340991bd9cdc9ef","modified":1738082488808,"created":1738081433516,"url":"127.0.0.1/api/livro","name":"store","description":"","method":"POST","body":{"mimeType":"application/json","text":"{\n\t\"titulo\": \"O verão que mudou minha vida\",\n  \"autor\": \"Ketlyn Oliveira\",\n  \"ano_publicacao\": \"2021\",\n  \"genero\": \"Romance/Drama\",\n  \"descricao\": \"Um drama adolescente envolvente\",\n  \"editora\": \"Saraiva\",\n  \"isbn\": \"derfs98ht\",\n  \"selo_editorial\": \"dramas\"\n}"},"parameters":[],"headers":[{"name":"Content-Type","value":"application/json"}],"authentication":{},"metaSortKey":-1738081433516,"isPrivate":false,"settingStoreCookies":true,"settingSendCookies":true,"settingDisableRenderRequestBody":false,"settingEncodeUrl":true,"settingRebuildPath":true,"settingFollowRedirects":"global","_type":"request"},{"_id":"req_90198c7a3f6d426481e8bf5ef61dbfd2","parentId":"wrk_92e863e4021049178340991bd9cdc9ef","modified":1738081430091,"created":1738081430091,"url":"","name":"New Request","description":"","method":"GET","body":{},"parameters":[],"headers":[],"authentication":{},"metaSortKey":-1738081430091,"isPrivate":false,"settingStoreCookies":true,"settingSendCookies":true,"settingDisableRenderRequestBody":false,"settingEncodeUrl":true,"settingRebuildPath":true,"settingFollowRedirects":"global","_type":"request"},{"_id":"req_a26e1c65ed0149b5a96a3b235044fdf9","parentId":"wrk_92e863e4021049178340991bd9cdc9ef","modified":1738073095113,"created":1738073019396,"url":"127.0.0.1/api/tarefa/search","name":"search","description":"","method":"GET","body":{"mimeType":"application/json","text":"{\n\"nome\": \"Isa\"\n}"},"parameters":[],"headers":[{"name":"Content-Type","value":"application/json"}],"authentication":{},"metaSortKey":-1738073019396,"isPrivate":false,"settingStoreCookies":true,"settingSendCookies":true,"settingDisableRenderRequestBody":false,"settingEncodeUrl":true,"settingRebuildPath":true,"settingFollowRedirects":"global","_type":"request"},{"_id":"req_f10e87ca807d41fa86aaed813b39d7de","parentId":"wrk_92e863e4021049178340991bd9cdc9ef","modified":1738073018774,"created":1738072403147,"url":"127.0.0.1/api/tarefa/delete/2","name":"delete","description":"","method":"DELETE","body":{},"parameters":[],"headers":[],"authentication":{},"metaSortKey":-1738072403147,"isPrivate":false,"settingStoreCookies":true,"settingSendCookies":true,"settingDisableRenderRequestBody":false,"settingEncodeUrl":true,"settingRebuildPath":true,"settingFollowRedirects":"global","_type":"request"},{"_id":"req_3ad211cefa1341a5854565250db3ec18","parentId":"wrk_92e863e4021049178340991bd9cdc9ef","modified":1738071180946,"created":1738071108660,"url":"127.0.0.1/api/tarefa","name":"update","description":"","method":"PUT","body":{"mimeType":"application/json","text":"{\n\"id\": 1,\n\t\"nome\": \"Isabella\"\n}"},"parameters":[],"headers":[{"name":"Content-Type","value":"application/json"}],"authentication":{},"metaSortKey":-1738071108660,"isPrivate":false,"settingStoreCookies":true,"settingSendCookies":true,"settingDisableRenderRequestBody":false,"settingEncodeUrl":true,"settingRebuildPath":true,"settingFollowRedirects":"global","_type":"request"},{"_id":"req_8c38c181db584f1495fc044424c5081e","parentId":"wrk_92e863e4021049178340991bd9cdc9ef","modified":1738071332602,"created":1738070733859,"url":"127.0.0.1/api/tarefa/find/1","name":"show","description":"","method":"GET","body":{},"parameters":[],"headers":[],"authentication":{},"metaSortKey":-1738070733859,"isPrivate":false,"settingStoreCookies":true,"settingSendCookies":true,"settingDisableRenderRequestBody":false,"settingEncodeUrl":true,"settingRebuildPath":true,"settingFollowRedirects":"global","_type":"request"},{"_id":"req_7840d02792144aff8d69ca247dcad304","parentId":"wrk_92e863e4021049178340991bd9cdc9ef","modified":1738070449625,"created":1738070428949,"url":"127.0.0.1/api/tarefa","name":"index","description":"","method":"GET","body":{},"parameters":[],"headers":[],"authentication":{},"metaSortKey":-1738070428949,"isPrivate":false,"settingStoreCookies":true,"settingSendCookies":true,"settingDisableRenderRequestBody":false,"settingEncodeUrl":true,"settingRebuildPath":true,"settingFollowRedirects":"global","_type":"request"},{"_id":"req_643569000f7e46a8a79b33af5749b5a9","parentId":"wrk_92e863e4021049178340991bd9cdc9ef","modified":1738070175761,"created":1674483403831,"url":"127.0.0.1/api/tarefa","name":"store","description":"","method":"POST","body":{"mimeType":"application/json","text":"{\n\"nome\": \"Teste de tarefa 2\",\n\t\"data_hora\": \"2025-01-28 20:10:00\",\n\t\"descricao\": \"Testando a tarefa 2\"\n}"},"parameters":[],"headers":[{"name":"Content-Type","value":"application/json"}],"authentication":{},"metaSortKey":-1674483403831,"isPrivate":false,"settingStoreCookies":true,"settingSendCookies":true,"settingDisableRenderRequestBody":false,"settingEncodeUrl":true,"settingRebuildPath":true,"settingFollowRedirects":"global","_type":"request"},{"_id":"env_345c9bd1a2912c8ecdd515437a154274cef216ec","parentId":"wrk_92e863e4021049178340991bd9cdc9ef","modified":1674483403826,"created":1674483403826,"name":"Base Environment","data":{},"dataPropertyOrder":null,"color":null,"isPrivate":false,"metaSortKey":1674483403826,"_type":"environment"},{"_id":"jar_345c9bd1a2912c8ecdd515437a154274cef216ec","parentId":"wrk_92e863e4021049178340991bd9cdc9ef","modified":1674483403827,"created":1674483403827,"name":"Default Jar","cookies":[],"_type":"cookie_jar"},{"_id":"spc_3f78eb2013b94aaf81b3cf226fcc46ae","parentId":"wrk_92e863e4021049178340991bd9cdc9ef","modified":1738066725994,"created":1674483403822,"fileName":"New Document","contents":"","contentType":"yaml","_type":"api_spec"},{"_id":"uts_1380377451c2487d95e3939bbc8a822b","parentId":"wrk_92e863e4021049178340991bd9cdc9ef","modified":1674483403833,"created":1674483403833,"name":"Example Test Suite","_type":"unit_test_suite"}]}